id1,value1
23602,18
10750,35
21227,27
24107,93
12929,12
23635,65
14660,76
23647,2
13968,8
25734,78
20234,22
20469,62
12849,34
26675,42
24932,24
29079,32
27303,69
22789,32
22104,57
19032,39
19032,39
25625,84
16758,58
29185,75
20240,20
21244,7
22688,25
26897,5
24954,43
21593,23
29825,11
26459,93
25876,88
14092,48
26308,60
21684,60
25820,2
19693,26
23917,1
22330,54
26408,82
23279,66
27900,23
22864,24
19705,8
26140,65
25768,43
13595,66
27408,46
10610,83
22481,32
21612,68
27313,60
28725,86
28208,2
23526,92
20120,43
28603,72
21127,43
22882,3
21328,75
22834,50
19487,69
22220,68
11960,68
22836,88
27029,58
29101,85
24893,64
26598,49
25712,65
26752,90
22815,31
24046,6
21414,9
16943,13
29114,78
16940,37
21305,63
27085,19
27043,62
25133,52
20740,71
25451,35
17318,13
25602,54
29913,97
11314,39
28189,30
29286,87
28385,54
25818,56
27642,62
22717,87
27545,31
21474,74
26740,92
25333,38
29923,73
16992,55
17362,41
25918,27
28143,87
21165,77
20215,3
21959,7
29193,82
24154,3
29268,74
11129,28
21599,39
19060,12
20632,25
28248,31
26888,99
25112,54
29401,52
21288,7
20664,52
26252,60
19601,75
20804,67
27083,63
25675,69
23397,85
16805,60
17491,54
28947,62
24940,7
29687,45
27743,21
24491,75
20600,60
20025,66
29233,16
17887,19
11694,86
28710,99
27818,57
29302,50
27370,14
14397,94
20069,37
22724,64
11409,83
12357,3
20470,80
23559,64
20135,32
25263,89
16417,49
28234,77
13311,74
21662,51
23771,18
20930,67
28496,8
29380,85
22466,64
27742,16
29168,22
28845,92
23685,16
15705,58
24258,49
21132,80
17544,46
23468,61
18629,69
28583,97
17876,59
13825,21
26491,6
26065,88
29711,89
29171,84
26088,30
15989,70
23845,87
26857,99
24960,55
13490,17
25938,75
13226,92
27367,46
17951,82
26685,28
22119,53
16561,27
15850,45
21506,42
10024,97
28723,40
20362,33
29057,32
22706,85
20125,44
26241,69
25179,86
29537,12
21245,36
21666,8
28277,58
17171,50
16161,92
25549,38
20287,22
18238,51
24277,60
17141,99
22087,93
26806,44
29798,13
10012,96
18346,6
18686,35
29793,36
20333,94
24431,88
23123,71
23112,92
27262,20
25250,39
28763,80
25299,12
15515,68
28482,9
28616,17
26343,71
23265,53
12283,30
24175,97
15200,22
22853,64
24886,84
28227,87
27856,42
21486,5
25697,43
26385,64
26724,69
29399,56
28137,42
20230,27
21286,81
25396,51
29108,22
12887,94
26383,7
29679,41
28050,63
26915,86
23372,7
11895,5
26865,85
28361,87
15864,57
15568,14
18841,40
16462,28
12249,67
26277,77
24976,63
24604,64
20035,90
18415,73
22150,75
21367,24
14648,56
26658,79
24053,91
20513,80
29424,72
26920,80
15519,35
24747,67
18644,97
24405,99
29511,54
29125,4
14704,81
21826,64
24880,69
24444,28
25807,81
20660,78
21577,94
21185,47
22380,42
22177,30
21756,76
23955,67
11598,96
29574,65
20140,54
24942,42
25373,31
21809,16
24856,56
25362,8
28065,97
14952,64
26082,7
16642,48
20463,51
10455,72
27944,71
20913,4
27741,52
26244,30
21411,27
25966,46
28766,87
23651,6
29186,34
17827,4
20009,78
14064,58
14156,10
24459,16
19127,17
23024,2
22308,31
16062,80
12801,42
21550,87
24372,82
25033,64
28264,64
23273,64
26126,3
25837,53
21136,28
17075,99
24287,51
22529,85
24710,94
22759,72
11785,99
23002,46
24143,82
23416,17
25172,56
23250,67
26562,51
17359,88
24015,29
13410,52
25184,21
20617,11
27081,10
29179,53
16571,13
26819,12
21289,28
24358,56
12029,13
29118,50
25447,49
16181,41
20788,98
25716,54
16042,65
27614,83
29928,68
21177,88
23314,5
24007,83
29611,41
20165,6
17368,60
23840,35
16005,69
25132,89
23388,76
20339,56
13235,5
17963,29
21916,32
14642,31
26480,9
28988,82
27453,16
21366,24
17279,25
26473,44
26573,92
23113,86
16972,72
28370,88
15803,25
25534,29
26606,12
29048,8
19340,52
27322,88
26777,27
22326,66
26154,40
21983,46
24626,81
24670,73
28989,68
25762,63
25406,91
24972,33
28895,17
26616,41
22729,64
23159,45
28083,2
28802,20
28153,77
29874,86
25225,55
17242,73
23975,63
22490,48
11944,35
29779,81
16093,84
26249,86
24267,94
27753,12
28915,45
13603,12
21744,85
22145,68
12988,56
26671,91
10299,1
24822,76
25326,44
29480,77
14650,42
25639,4
24389,7
27277,75
21354,69
25996,13
24809,39
28730,32
19371,93
29991,44
27882,68
21844,80
23876,40
19791,94
24241,77
25770,69
18019,84
18701,17
10345,80
20002,57
11364,38
19795,91
24076,61
25038,30
22463,64
20438,97
22092,32
27604,7
27494,1
28139,61
22975,31
26346,38
25077,6
22662,48
21882,64
20959,89
12156,46
21384,55
24044,24
18901,56
22870,39
20302,57
25928,55
15388,82
28568,4
24381,92
17871,12
22795,52
20688,8
28450,50
12489,37
28320,27
27932,43
20572,53
28297,96
20191,68
10955,82
15983,91
27320,10
24968,71
25303,39
20235,53
14321,64
25662,91
20050,56
24138,20
20500,29
14243,95
14848,58
28942,49
25441,74
26595,86
29159,64
22811,7
15446,4
14217,81
21874,33
20889,71
23010,21
23656,47
26588,47
16438,56
25870,91
25312,74
25457,92
13042,2
14729,65
12490,27
25249,2
25477,22
10678,43
25443,49
28492,91
26526,29
22936,76
11335,11
19512,49
27222,59
26145,60
23120,14
22167,5
12080,99
26583,40
25355,56
23821,75
24357,85
24841,81
22066,75
16115,85
21296,70
22526,1
21893,29
11122,61
29976,64
29216,13
13754,70
24458,17
27245,75
20927,50
15838,90
29178,51
25004,17
26265,15
25213,4
26737,78
20084,61
11254,95
13997,42
27636,14
11422,37
25910,71
22429,96
26329,23
25506,1
13123,94
27860,71
16956,80
25395,97
26220,25
10816,96
22989,61
28062,68
21531,44
25153,84
20865,44
23718,33
16713,15
27496,20
26246,47
13695,60
11823,88
26477,88
13266,1
23332,49
23094,92
23587,38
22458,74
28369,10
16842,46
20980,86
26406,26
23542,14
22770,2
14158,41
28823,7
27119,95
20874,37
27791,5
28519,97
12639,51
28230,24
29175,91
29011,1
18702,53
22825,1
28726,82
14377,13
17960,9
20011,28
26430,58
19956,47
22771,14
19865,90
22079,6
25586,24
24260,4
28691,20
29845,6
27678,33
25666,75
20973,68
22875,29
17528,55
26336,31
20648,98
28683,88
22766,83
22267,92
22535,39
21054,85
21278,83
27445,50
25186,16
23147,1
28664,52
29887,26
27598,18
21546,33
24033,53
28066,47
13445,23
22878,73
21504,93
15589,93
26019,59
21567,98
21763,37
10323,51
20832,27
21133,68
27397,65
29807,98
20226,54
19410,67
26577,86
29499,64
26603,41
14291,22
27079,49
22408,60
10884,9
23370,68
20753,73
10822,46
24040,33
29818,89
22514,21
21408,60
26135,43
28311,16
22485,77
26375,60
21887,22
20770,2
23600,71
11725,28
24659,36
15646,14
23037,96
21674,3
28995,45
23278,28
28842,88
26050,20
27793,44
28687,37
26117,26
26542,37
25652,40
28646,91
22963,47
20611,39
27790,29
24275,60
21997,61
25162,82
10253,71
28609,9
28595,77
25160,65
24464,16
22775,61
15258,80
28912,37
27972,59
26730,86
22580,98
19215,13
22242,61
15056,12
12416,99
23901,22
22564,47
15108,8
21513,28
12621,9
10665,69
12630,77
17673,69
28563,91
25195,19
25236,7
29558,37
26219,13
17139,65
22249,76
29808,3
24605,33
28123,55
27835,49
20719,54
10447,66
21294,13
18448,58
12279,8
21106,21
27345,98
25095,61
17458,7
25723,53
20132,89
27839,23
10112,75
11221,43
28342,53
24634,92
15666,54
24861,37
17870,7
19999,49
23964,82
12406,11
23622,86
26132,85
24019,95
28648,58
23222,31
19802,81
29790,50
19064,20
24376,76
22010,78
27715,51
24555,24
28393,23
21025,31
11262,43
25379,23
24425,27
25847,68
18786,24
20763,8
10443,10
27708,88
19023,76
22473,5
20922,12
18317,95
22500,41
29467,70
28736,4
26149,95
14123,46
24523,4
14340,28
26504,78
28815,41
22274,24
21703,13
27432,11
14687,37
22152,86
13778,65
26918,59
18018,28
22950,43
25320,49
22203,97
20249,43
29840,51
25793,11
26441,73
20884,11
14027,37
20957,69
28944,95
26038,48
19891,53
21955,11
10851,26
29629,97
29235,84
24115,46
12730,41
16593,4
22425,16
10502,46
21668,94
21242,37
26781,93
24110,90
23890,64
20844,1
23451,73
29726,93
26497,75
27806,21
29427,16
22905,7
21298,96
26697,57
23788,40
21162,99
27266,48
26323,20
26776,33
12159,98
28064,50
18580,3
22556,9
25325,81
17742,37
29626,4
11487,51
21931,90
28204,87
20384,87
23379,39
20145,74
23654,70
16275,75
27492,57
12032,25
27516,31
15663,81
15412,72
25459,31
26069,88
28601,10
24181,75
28408,38
26790,15
27964,16
15490,72
21880,53
22814,78
10825,40
25555,72
28801,27
21600,3
19197,91
18344,25
21146,67
26041,51
21103,33
22149,47
18358,11
28937,41
23039,45
13187,3
27898,93
28962,93
10586,13
18272,78
29330,72
26508,28
24439,86
28731,42
15872,12
11161,59
29448,19
28197,48
24363,95
13673,9
23818,58
19313,32
24455,25
23346,54
23940,26
27749,55
22095,97
19752,20
18434,54
24344,51
29997,25
20457,6
15088,96
22491,8
24857,60
22492,42
25358,9
23178,61
29844,13
23303,20
23882,8
27469,49
27910,72
21865,61
13223,18
23848,8
21270,85
24445,91
28329,54
26639,66
22595,63
21643,82
26279,35
22960,3
11523,58
14188,54
26678,63
28489,70
21937,80
23119,51
23004,13
20650,11
29778,12
25934,53
27983,10
19564,98
18599,29
23888,72
18627,9
28014,50
28240,80
29375,87
11966,86
28254,91
20435,45
16893,95
26484,4
22334,36
27897,54
23068,77
27127,41
20573,18
24246,64
29555,33
22360,78
21637,23
27491,87
21676,46
24498,85
24849,74
29078,41
26167,96
17028,40
17839,68
23543,15
28644,65
21657,78
20416,71
17198,23
22438,19
24919,59
22048,88
22672,34
24251,62
16384,90
21498,46
24473,5
16871,22
22977,31
28680,77
28289,67
20278,82
20189,1
21292,28
25335,39
22967,89
18971,27
27362,15
19087,39
23308,83
28533,68
26461,82
21889,22
11027,73
24587,9
11183,99
11775,24
26681,9
29720,52
20684,61
14361,55
27583,70
13836,58
25886,56
20583,41
24206,65
25330,12
17162,28
18350,60
16099,52
18260,30
23450,77
28542,70
26802,76
17061,30
26916,57
27102,92
12165,64
27801,67
16492,21
21754,91
28221,81
29835,63
22434,12
20221,38
25994,79
12077,85
23929,42
28300,35
24493,5
25104,25
25064,76
14349,78
16449,13
17064,48
27204,12
25434,21
16603,98
20703,87
27912,98
14602,38
23244,64
20248,69
25138,84
24925,5
21425,19
27778,52
27329,76
29430,60
16055,59
25151,19
21966,92
15798,21
27399,79
13063,5
21383,76
20269,73
25405,37
25017,79
28499,68
24944,72
23990,46
27278,4
24025,58
28525,47
20436,94
28107,24
22304,33
24662,7
28085,92
28366,13
22619,60
28867,97
10169,98
23945,51
20917,16
21378,4
26405,83
23137,2
23509,88
28798,24
26503,73
25744,1
27979,69
23441,33
23157,9
24689,71
22651,17
20055,22
27014,47
22820,73
24454,29
24014,57
27109,77
22646,7
25085,80
29303,45
21516,79
22886,4
24261,15
21787,62
25157,18
26442,88
22782,65
25032,71
24291,88
27257,31
26127,47
16719,97
16248,95
17394,3
25437,14
23985,24
29921,35
28349,51
24669,65
16085,73
24992,78
16863,22
22847,64
17262,88
28738,70
29648,35
23438,46
25679,7
21827,7
22435,61
20159,55
13026,56
23645,89
24051,88
27971,48
26298,45
22391,55
18881,81
21922,26
23262,60
25581,49
22691,17
29150,83
22272,40
20931,25
17521,50
25517,64
23142,87
25499,16
14709,19
23464,6
20485,71
26371,52
20281,80
27698,30
21404,85
27935,70
26234,31
23329,45
24738,81
19009,88
25127,40
28793,68
18352,38
12173,17
17812,61
27527,11
13047,33
26560,14
23232,26
15801,10
24185,88
28580,20
29594,57
23316,58
29076,68
29782,50
20038,20
28690,75
20077,61
29512,38
23850,74
28778,22
18058,55
26653,16
20601,94
17925,36
22126,99
22367,99
24212,25
24816,33
20065,22
10924,99
28395,93
23991,53
18763,50
25968,22
26978,7
26334,23
21361,58
27124,99
25314,45
27648,37
19513,59
24001,52
26996,82
27575,23
27814,61
20993,83
21899,65
26683,11
23760,49
18939,24
13091,70
11561,57
28472,51
29892,4
26042,21
15555,34
18537,43
10434,9
28226,25
28834,32
29152,79
21395,9
21988,65
22475,44
24426,81
17249,20
21990,35
20558,47
25794,18
22784,38
25372,18
28754,6
20566,46
17451,17
27686,66
12617,37
21927,73
21339,7
26025,32
26647,38
24049,30
24872,87
19893,77
23028,75
10212,49
13999,67
11478,64
22715,69
20332,1
28571,49
23322,3
25489,75
20386,25
29310,8
18706,65
29721,52
19631,21
22600,93
19384,44
23610,77
21209,62
17999,85
22678,78
26721,42
20413,63
25858,1
19098,96
22787,15
24629,56
23097,47
18829,60
12318,81
28016,45
22531,96
14502,84
11242,89
25672,38
25925,20
28360,68
28891,65
25261,66
22125,81
24963,40
27547,17
26550,92
25813,47
14034,99
11500,75
19798,2
15381,86
24556,57
18183,32
26833,49
26574,6
18138,11
26980,55
19970,19
20067,70
26340,5
28681,41
28319,14
19884,50
14290,10
25055,89
24305,96
26873,1
19651,59
21992,41
22329,72
29849,86
26751,93
22232,2
22487,22
27929,99
29486,41
24317,59
23107,78
23580,23
23285,47
20013,25
21961,74
21327,26
28701,34
25086,17
16230,63
25767,97
23571,58
25422,99
24695,64
19385,15
23358,33
25832,22
26172,26
14889,66
16933,9
22199,23
23835,85
28781,10
20160,92
18210,24
28368,68
11845,87
18514,93
10738,64
27590,21
23326,33
16431,91
11202,10
25567,6
25784,44
13271,80
28854,56
16970,20
25780,61
11670,96
25363,90
24595,15
25933,51
27243,84
28147,81
24043,10
19547,63
27215,72
10329,37
23979,15
24694,66
13733,22
22593,66
14911,82
18369,63
10895,16
27234,93
23204,92
28367,9
12229,91
29219,24
29993,51
22162,90
25862,84
28112,78
13942,79
25997,58
14851,81
19966,18
22238,46
22987,70
21770,10
25695,95
26810,35
13115,48
17916,40
18553,96
25590,87
21282,51
29802,26
27623,40
21671,49
24149,87
23796,96
29346,93
29240,19
25642,60
20370,2
25308,44
18188,99
28757,83
20030,92
14861,90
16636,3
27025,87
12596,58
23995,27
27446,40
28663,44
29276,27
29683,47
20590,81
27770,76
27854,69
23404,93
10703,44
25718,51
20903,60
25610,31
23373,34
24218,91
17430,91
26170,68
28241,31
29563,57
26087,95
10097,34
28825,91
26152,16
24279,53
25301,85
29406,56
20233,79
16471,20
23337,16
18056,7
18046,28
29625,7
22365,36
15689,48
21309,63
14677,84
25777,45
15378,67
14115,99
26820,29
22178,98
22772,22
24582,46
29256,4
21792,82
11120,89
24470,38
29221,20
27217,93
12110,77
27015,36
22489,53
28078,53
23847,42
22641,42
22182,2
26586,81
15946,75
14058,48
23565,62
28955,43
26085,53
29748,74
28284,8
26428,62
16920,63
27939,68
27633,13
22675,70
27428,75
11272,57
20180,49
14422,63
21843,86
28116,88
15034,94
26964,5
16346,14
21045,68
23865,15
22693,91
29935,54
21740,44
22711,59
18163,35
27353,3
11803,33
27202,34
19224,38
20306,53
11611,83
21638,73
28461,69
23694,90
22934,58
20851,2
29539,4
28195,72
27225,60
26808,32
25174,2
28886,44
21923,63
18084,49
28673,2
10729,87
26003,46
16822,54
10802,38
14894,21
16372,21
26415,50
20777,33
28797,45
26228,65
24524,24
26945,41
26917,22
28930,17
29376,84
25576,85
15243,40
21679,41
15331,36
29243,19
12964,75
16076,56
26302,77
21206,84
26792,52
25349,42
24423,12
20394,61
27086,33
20117,52
26929,1
20886,12
23275,13
10756,96
25606,73
24248,99
20429,26
21077,94
27808,68
20498,6
14149,80
29459,13
23544,32
23673,80
26351,42
27851,4
15283,16
22155,74
18568,22
28001,18
19424,63
26868,94
25575,59
27519,78
28252,98
22374,24
24733,86
22983,36
13536,59
29444,72
19783,26
10016,78
12846,47
21260,1
27838,15
29460,53
23056,33
21368,15
21701,55
12020,92
17637,23
26581,3
24892,54
21496,32
22866,85
21467,21
10413,19
29925,12
23384,45
25137,23
28572,56
21574,36
18672,77
29691,16
25352,83
26296,28
23621,39
14873,47
28904,25
28206,30
29043,81
22567,19
15867,47
15774,28
20915,82
29944,33
27672,27
19029,4
22227,57
29861,40
20348,76
22763,3
29311,63
27993,87
27797,89
15096,79
25466,14
22872,12
27344,3
22991,9
12555,55
27309,86
24514,16
13059,48
23339,30
27913,51
26706,68
17704,29
23052,65
27301,37
28223,91
27105,30
22226,69
23172,93
28441,82
23390,16
28948,69
15679,96
24348,89
23700,66
22579,99
27657,98
24974,29
28812,84
17621,91
20175,17
29129,86
22911,99
21428,51
25364,33
14270,47
21123,84
20335,61
26216,70
20199,67
20562,14
28551,68
12786,6
22780,79
26472,28
29241,89
29367,61
29809,92
16433,57
22063,2
22617,62
23583,99
10582,23
14272,68
15492,77
12508,39
28310,29
25237,35
29552,93
16763,68
19480,46
22639,80
29567,21
15572,8
20304,7
23889,53
19053,68
25656,46
27675,16
28649,24
21762,59
28381,21
16966,65
25106,62
29068,19
18513,48
27551,67
21038,25
26824,82
16578,43
24213,15
23299,48
28470,4
29368,73
25084,54
21938,29
27769,34
28076,92
17954,93
16847,46
26995,63
21963,1
21720,4
11876,34
27415,82
26979,21
24881,22
26585,99
29836,52
23141,62
23009,84
26793,35
29797,46
21996,81
21341,58
29546,34
16924,31
26578,59
24123,10
21597,80
23355,60
25749,18
18264,96
12418,37
22783,72
27433,73
29988,67
27920,10
18584,49
21861,88
21073,18
26725,95
21460,28
20712,28
24419,45
20981,75
15404,96
14075,22
23806,78
29753,54
24633,85
13101,72
25389,95
25071,62
28418,22
15947,85
29002,76
21730,10
28910,52
17347,22
12270,62
23825,22
15129,25
29592,56
21202,86
22129,6
29633,14
11444,77
23027,51
29680,79
24396,25
22059,83
12212,29
27068,72
18190,57
24103,1
20434,59
25159,58
27680,37
24315,9
28337,38
13268,87
24017,76
29618,17
25522,58
28893,62
21323,49
10227,10
22596,76
25983,38
23644,62
25791,31
21944,64
25800,93
29609,1
16521,67
27707,22
18579,38
29231,27
26158,45
23026,77
28521,59
15654,92
15887,5
24011,87
16548,20
17196,64
26292,37
16783,41
27605,74
27754,28
28173,63
17426,77
22859,32
26404,45
24173,13
25013,91
13743,30
23185,22
22248,79
25801,50
22857,49
16892,19
21186,53
28394,99
20243,58
22667,18
23428,49
24622,73
27744,86
27798,15
25498,26
24347,70
21523,47
25600,12
23418,90
15883,90
29572,35
27324,96
28804,18
22288,68
20113,35
22830,88
26325,63
20783,53
16526,98
11232,51
29021,40
23330,45
24961,3
26828,60
21686,13
24088,50
25806,8
23188,15
14521,76
29123,67
24888,13
21950,15
20692,83
26248,93
13065,51
27620,74
20652,8
29396,3
20792,22
25185,14
24155,84
20921,44
11024,9
12358,52
26236,37
19745,67
27009,21
23298,31
22078,62
23081,49
20412,74
16961,14
23357,82
23665,33
27314,1
20937,74
24761,90
25024,30
24235,46
23103,86
21789,10
19272,76
29854,88
20620,65
28117,4
21374,59
28184,53
27112,4
22057,89
20786,13
22317,55
28478,96
26565,1
29192,22
19471,59
22450,28
21541,98
21058,69
25732,39
27762,54
22151,50
20393,65
29521,12
29597,33
29259,55
21606,84
22122,59
25802,80
29031,20
28202,28
28511,75
11454,15
21003,66
16187,27
29916,62
23750,69
28827,86
23084,73
28851,10
15560,4
28141,54
18423,58
27787,26
29304,86
23005,80
28838,29
25774,95
25158,78
25289,27
22467,61
28308,90
22598,33
24677,12
12101,53
26017,94
28144,52
28934,16
29664,17
13799,65
21465,52
27582,63
20211,28
28209,93
28977,97
14017,84
23018,54
23199,19
27766,99
20545,34
21919,41
10365,5
22577,22
17431,88
25617,2
26401,63
20531,86
23561,85
20219,65
24200,63
29580,96
23463,73
19477,72
21097,93
12152,34
26919,69
25226,42
23300,87
28255,77
26164,22
26178,70
28488,64
19488,31
29236,73
21220,46
19463,58
23325,61
21768,29
26688,81
20890,71
16486,30
16886,97
27595,41
22754,81
25102,55
24973,2
29756,11
25615,55
14133,49
24623,84
23691,64
10701,27
19321,90
28335,84
16523,17
22252,70
24032,64
21802,49
28817,17
26322,12
25440,58
23176,41
29491,68
16178,43
29832,88
17529,19
20162,81
22452,72
22219,11
23104,38
25039,32
25582,98
16606,46
27481,36
22612,36
29858,4
18213,54
25445,73
21228,47
21515,15
25232,66
24340,58
24187,49
26736,30
29285,27
13987,62
18205,99
12802,64
27297,58
17743,32
26445,82
12805,9
21337,69
28262,46
29340,77
29300,74
20690,61
20499,55
13944,3
10596,87
25513,91
27875,18
22137,78
24823,83
24971,15
21605,83
14805,37
13424,91
21459,90
13577,19
25155,92
27326,85
27384,74
28973,45
19496,66
29525,65
23799,79
23181,85
27078,36
11280,35
22338,2
25341,58
23164,30
12263,35
16807,81
24109,17
18290,44
21034,79
18394,91
10321,46
20589,34
22350,49
27280,12
23047,35
20388,96
25849,35
25634,28
28174,76
25229,23
21057,17
27198,70
25025,3
26638,58
26190,17
13388,64
12963,64
13959,62
29578,37
20483,30
21667,59
17189,92
11039,59
23757,24
27219,68
25715,19
28134,75
26708,65
28280,25
23507,69
11592,32
21765,59
28191,30
26195,13
18085,74
23741,66
20619,23
23630,31
23807,21
18656,43
27861,71
20062,74
29337,78
21845,48
29710,56
27421,57
29181,99
21675,24
26909,39
29378,17
20580,72
25453,80
17853,17
23401,2
24112,14
11429,79
21212,45
21903,62
28997,50
29051,77
16399,30
23842,60
21807,59
22240,73
24882,76
24778,72
14091,88
29531,97
20839,4
21518,92
20775,64
26030,90
21238,88
10003,66
13611,79
17097,74
22019,13
29485,36
25917,42
29151,2
22543,85
26448,56
25392,94
23969,5
17169,39
29895,59
22259,87
26832,79
27995,61
26548,48
29145,76
10159,15
20443,41
16082,10
18894,6
25982,17
26142,71
17087,36
21719,91
25505,21
26114,13
25247,3
28998,17
23657,67
15661,47
28693,66
19702,33
26622,8
25751,65
20862,65
11804,69
16739,50
25281,23
22166,50
22718,19
29347,92
20317,97
21784,76
14018,72
14862,18
29652,22
26707,31
21987,28
20323,77
16253,88
17974,79
20296,13
21794,83
28463,59
23681,71
28837,32
21815,82
23045,64
24118,85
22997,7
21176,65
18861,8
27871,3
20404,60
24863,99
29601,55
27369,82
23770,19
23462,15
22301,1
21727,35
24616,18
15367,65
21565,34
28821,36
18141,40
16843,8
22158,94
27577,86
23489,4
18424,45
15084,11
21646,10
13807,36
24217,63
27894,69
21197,10
18373,51
19694,62
16736,11
28871,56
29927,50
20887,31
22909,10
23173,84
26942,50
21326,78
29673,79
17033,54
29035,36
20147,79
12329,22
28982,67
27383,96
13788,93
27323,7
24350,35
26584,5
26947,3
20345,88
17161,1
21338,20
24548,74
26326,61
17319,70
27512,59
19066,51
25011,10
14860,15
17701,9
21989,26
23251,53
28100,72
22933,75
21902,22
13130,11
24306,61
15429,17
25173,86
15045,38
28610,82
15640,80
22498,8
27007,37
20962,42
11283,71
18275,97
21153,83
26057,65
10269,81
18039,59
24018,37
21900,6
14598,43
11362,82
26722,14
23863,64
24084,67
28911,24
22116,74
29926,89
25644,34
15747,56
10797,36
25521,35
21381,45
29437,69
12691,50
27788,83
20909,1
27777,43
13406,19
29795,45
20621,36
19041,21
22339,46
29932,43
23629,40
12844,89
13983,55
29922,26
18262,15
11380,53
27507,82
15778,12
20070,31
20012,83
29045,36
25650,53
25150,42
23851,29
21879,18
23577,88
27676,26
28086,72
28704,2
11376,57
15360,19
22686,75
15962,6
12307,80
12443,15
29295,73
21416,7
10076,12
24648,99
11125,27
22996,3
16046,40
20357,50
19626,76
11525,55
19261,2
27188,3
25643,51
13467,25
26817,74
12353,40
29383,4
21052,8
22890,77
28756,58
27872,58
24909,36
26974,87
25182,28
21066,28
14877,27
25717,97
20045,87
29662,1
22592,86
21055,56
27579,27
14016,48
19311,58
27037,6
17538,14
27336,76
22992,47
22412,91
26594,23
23191,17
29519,51
17282,77
23116,16
25208,75
20418,81
22415,72
22978,86
22552,57
17690,70
20399,5
10187,39
20860,14
18932,95
22528,68
20108,31
21571,68
18877,22
20419,20
29438,74
26768,94
22582,41
24934,43
27173,2
19170,25
28541,62
19757,14
28647,35
25930,5
24651,15
12347,6
21316,72
25487,21
20743,58
28570,76
18497,39
22402,84
23088,44
27317,95
20680,72
22321,18
27055,39
21275,71
10684,29
20497,9
28356,6
23980,78
22419,22
24151,77
22812,45
12624,11
20831,14
26487,56
27454,85
20554,62
28768,28
17021,77
29569,96
19522,43
28833,20
28026,95
21751,53
21712,23
21706,96
13167,71
29093,34
19734,19
22068,42
19389,59
15345,67
20943,7
27495,82
29523,17
28358,33
29468,33
27702,30
13950,20
28534,4
20787,93
20895,70
25315,89
24172,63
10987,11
25181,44
24997,10
28333,48
23642,24
13575,11
15112,46
11750,98
20616,71
16732,68
16621,35
21056,75
13544,35
22737,57
29156,81
25344,45
23591,56
12942,18
18463,18
22160,89
14752,65
26102,49
12919,21
24777,38
27757,80
29837,69
15877,40
24059,80
26532,48
14350,43
25792,78
21688,9
22507,90
25539,86
23687,12
26813,45
21473,84
13277,72
22210,18
28636,29
24016,28
14855,75
14715,75
23284,2
28857,69
25881,83
23200,25
26111,68
27800,55
27789,61
22668,29
28556,2
25435,70
26435,29
19161,3
28131,84
19221,91
25240,47
12265,80
29602,81
21010,63
22848,45
26074,27
28668,4
25304,31
23776,54
20272,11
20371,59
25587,2
24461,15
14940,30
14937,89
22168,12
26213,96
27717,8
27154,26
20514,5
24392,44
19183,87
20754,33
13819,57
27541,66
22349,52
22638,87
29015,41
22566,36
29010,39
20075,55
21697,96
13214,51
27881,96
21372,5
26954,64
10514,39
10753,92
25851,46
20704,12
12799,72
24178,39
22156,75
16081,2
28377,51
19638,29
27486,50
25192,32
22395,74
27561,18
20658,62
22379,16
28721,90
22740,67
25093,36
24196,43
22020,88
21909,69
24824,99
25161,74
16769,59
15573,69
28053,64
27779,48
28631,39
18785,88
23145,52
20157,55
23714,64
29335,31
16839,34
26348,66
22405,6
23307,42
25100,45
24910,62
21322,84
20956,34
22234,16
23916,49
21910,29
15723,56
27110,25
29229,5
24922,82
24552,56
22981,73
20916,78
23734,77
29963,10
28294,56
29278,58
14800,66
26359,26
22396,80
12114,14
24377,98
29345,36
26748,95
21315,33
12483,99
27949,94
12282,93
24711,25
21199,28
22206,10
25949,97
17317,58
27111,99
25833,66
22230,48
29897,41
19363,50
11475,55
24157,17
27256,33
14089,46
17730,15
16628,17
10573,10
19281,73
20224,51
10450,74
20177,12
23124,24
20056,20
12852,15
23089,48
23909,86
20908,29
10690,36
10487,12
15899,79
24630,16
21566,69
10769,93
20456,88
15767,96
26851,48
24654,38
17042,63
24784,79
20759,90
20569,12
22904,89
10493,4
27916,65
18858,32
11671,61
15578,4
23699,2
27185,75
10153,15
14773,14
26769,12
18137,98
24643,2
29974,92
23860,90
24476,70
25365,15
22850,96
16310,6
27422,27
22102,2
25558,77
17802,19
24692,53
22966,11
28873,65
22570,55
26531,3
17562,98
22363,20
12553,42
28789,16
20797,17
24182,85
24165,19
12722,94
19083,10
28627,88
20091,11
29410,79
16490,54
24380,90
24096,85
29595,83
26299,32
27343,12
25973,51
23693,2
26410,85
21192,52
29775,86
15076,44
26029,57
20955,52
14666,21
29387,34
23211,55
27721,5
24864,47
10096,79
14972,31
20845,63
26327,78
17048,11
29322,46
28672,33
29658,61
27630,71
24034,97
15616,56
29763,54
22697,23
12600,21
25167,12
20290,30
11426,7
24558,96
19841,84
19674,42
15768,44
28352,17
23517,92
21985,14
23720,54
29751,76
17634,86
28180,33
29600,21
23175,1
24245,34
26965,11
20736,59
11925,78
24244,62
28953,63
14190,43
24818,55
22074,11
23430,13
20707,21
24205,59
16164,43
24639,8
13098,74
29688,73
27423,11
11574,3
20277,31
20382,24
29564,82
11126,42
21065,47
21047,20
22832,61
27937,78
21509,21
27705,7
28805,24
18889,21
28899,5
19434,15
28220,71
17905,37
25728,91
29890,80
12809,32
26858,60
24098,79
24624,48
12894,67
20856,83
20151,95
28677,72
28493,11
23755,76
17403,23
16553,52
20208,73
21775,22
29408,44
29589,4
10708,38
13290,25
21681,38
20717,35
25907,65
24214,36
18707,39
28557,85
27131,32
23724,51
22065,98
26274,13
29583,25
27285,22
10722,76
22426,39
19985,28
25523,35
26009,71
28495,6
17840,17
14775,69
22903,54
13864,64
28960,33
20133,32
21904,57
24030,31
27508,21
29248,83
24839,4
28036,66
17624,47
13282,29
19024,45
21921,23
15818,23
22456,52
25904,51
28373,26
27436,36
21829,91
29682,21
29169,40
27457,46
25896,5
29995,5
12540,95
26011,91
28268,17
11182,59
14784,35
27823,73
26034,49
27986,34
21446,94
28743,43
10853,21
25673,49
20316,85
20445,82
27012,87
10875,56
27186,22
21157,38
21476,88
12611,30
18741,82
18447,27
26950,96
19116,26
29182,90
25262,49
27687,13
20186,29
20092,45
11709,56
27226,71
17555,77
28416,76
22519,72
22133,26
27928,60
25402,38
29740,52
12449,79
20474,47
29803,62
23935,51
17352,26
25742,77
20802,58
20846,79
27351,55
11522,86
24831,62
20556,88
26990,82
25989,91
17606,93
24737,86
27804,83
10199,79
20375,29
23380,42
27126,39
28528,8
19698,71
10614,64
25631,4
22217,85
20218,68
22336,47
28565,66
28281,84
21009,27
21310,38
25384,65
22735,56
28667,59
20695,19
29323,68
24329,27
17337,60
24234,8
27090,55
13244,77
21031,13
26115,80
24832,88
27347,47
26358,75
21608,34
18143,87
20644,58
11451,8
23041,73
15610,47
29184,3
28865,87
24474,14
12112,61
18520,32
23318,32
27098,70
28870,67
18187,38
24597,64
20373,44
14685,40
27339,36
10996,64
10288,65
27953,71
24883,80
26624,99
14793,1
27120,28
17464,38
25764,95
27969,92
28205,80
22171,87
20742,45
24249,93
15029,73
28628,76
15239,40
22604,43
20595,75
28637,97
23792,80
21393,24
24953,97
23695,67
15495,82
22714,35
27645,60
24310,3
11702,83
24399,58
28820,39
22947,10
26175,33
28999,6
24749,75
28703,37
15757,63
28324,2
24433,82
29087,33
26936,49
21352,5
22627,3
25804,51
18267,12
19353,79
27602,54
10695,32
10262,74
22136,97
27869,8
22190,27
23078,84
27166,12
28927,87
10133,89
10372,33
18192,70
21235,56
21842,41
11519,12
12294,83
23492,61
22224,31
21351,60
24644,8
27411,65
26589,27
26122,23
29979,24
27271,9
24599,58
27363,84
21016,12
28642,49
27318,27
28794,2
21897,46
26902,77
23701,9
20705,90
28784,92
10917,67
13436,2
29056,68
20898,23
17052,91
24868,39
26076,53
26611,59
13716,88
28269,75
27670,97
23064,45
24518,23
26266,71
21824,99
21576,18
23099,19
23562,38
12441,1
20855,73
11287,37
19351,29
25096,67
27560,97
21107,83
25154,9
27578,6
10292,31
25565,81
25596,25
24647,54
26163,79
10017,97
18974,86
23578,83
22572,69
24095,84
22601,97
14835,77
26795,3
18556,77
14056,20
12743,89
22862,88
29961,71
25577,69
18457,52
28761,36
23448,93
15136,76
18673,39
25894,72
21029,28
29369,36
18660,87
17828,15
11870,61
22590,84
25571,11
25286,3
22561,22
13730,28
20594,24
26962,41
20603,47
17534,4
25504,28
20051,87
23943,81
20866,48
14714,54
22925,45
26814,87
13329,70
27673,56
22703,25
24077,86
25336,1
21689,76
25529,8
13168,67
16729,41
23534,24
18128,45
20121,88
20174,78
28862,49
29361,44
20714,51
27275,39
25845,73
22094,77
23934,82
25399,89
27406,64
24184,61
16232,68
29429,44
11673,49
10579,63
21347,5
26993,21
12856,53
25978,67
28067,89
25415,24
12168,84
24139,96
20637,14
22291,10
29582,73
16135,96
14644,11
16952,96
10305,70
26815,83
18824,86
10204,45
25691,75
27273,83
26350,56
16502,75
16406,50
18589,82
29040,41
28035,49
25828,2
28032,24
22417,51
14658,73
29872,6
16513,10
23347,74
28092,6
10025,28
20433,7
25677,24
22710,10
21267,92
22386,58
29188,89
25952,88
25176,49
19887,75
24058,10
24810,4
20209,33
28146,65
13199,30
18204,5
28605,88
23405,57
23210,20
29107,5
10886,18
27006,5
29096,19
13461,7
25233,18
26741,86
26791,55
25097,64
29414,50
24083,69
26997,36
14961,54
29288,86
19391,8
25390,57
27905,90
24421,44
26968,53
22342,43
24723,11
26734,79
19426,74
28526,33
16522,5
15501,80
20322,61
23455,99
28188,35
29642,99
28604,36
24114,36
26211,38
20820,51
29543,3
15632,87
26024,63
22185,99
29004,28
19151,22
20225,70
25923,6
26425,16
25940,40
20161,91
27107,80
19790,57
27650,5
27501,3
22229,96
26056,57
29140,19
23688,37
17567,70
21067,19
11379,39
29084,83
23220,22
10303,24
28994,42
26881,3
27100,87
20535,97
16914,10
19730,15
22550,92
22442,90
24313,77
26860,17
23289,43
28733,15
19894,18
28210,42
27737,5
13053,83
17607,15
22097,52
27832,60
21699,40
20914,49
22323,11
27581,91
24237,55
23716,15
26901,56
27392,7
15928,76
23959,92
14471,48
21259,82
20629,39
27612,68
25194,66
12744,67
17452,49
23126,38
29591,66
28623,38
10680,83
27768,45
20258,86
28868,83
26850,3
21716,42
28596,99
22479,53
29768,38
16820,70
17522,81
29059,50
26849,71
26223,48
27843,54
28633,28
28811,69
29777,42
21680,34
20539,59
11192,21
10342,75
20408,7
24978,39
20085,75
29900,20
25458,46
21085,67
24803,81
24958,18
22421,4
26089,56
22854,19
27863,29
22746,82
20164,71
29165,40
10040,54
24551,99
27848,77
24833,42
20640,4
24744,5
28315,76
21757,13
29478,38
25042,57
23512,46
26263,86
26663,32
20153,85
11613,70
25745,22
21433,58
21072,20
24578,62
28298,46
29666,17
19411,60
24855,90
19172,29
23563,94
24557,30
23912,28
19290,97
22927,24
28566,88
23146,66
21135,80
16809,47
24469,48
26898,62
14585,43
24865,94
23879,88
25609,99
23061,66
14728,54
27249,20
11985,32
20567,21
16981,33
17986,27
21232,72
28449,42
24162,7
23837,92
22522,91
22159,82
29791,27
29296,44
27877,7
29930,86
26727,87
23053,34
12391,43
21451,33
27168,74
14233,78
25678,47
18432,73
22544,46
10451,39
20785,57
16965,14
13122,19
22776,72
14343,71
28071,14
11371,79
28764,83
24874,96
22953,41
27663,48
20814,59
17498,64
26071,82
28564,79
25197,47
27719,3
11686,92
27356,25
26031,78
25316,16
24091,62
25076,13
27064,4
21651,11
29000,5
15845,15
21691,30
20609,87
25995,27
19423,85
22915,80
15105,61
21780,54
25905,28
24462,61
18397,8
26364,4
24202,1
10537,9
29708,86
29257,80
27586,80
17689,6
15169,1
26384,44
20212,95
24807,60
16090,51
16280,29
19436,14
12848,50
17326,19
25455,27
29339,52
12767,29
10289,31
24158,17
23637,68
25988,48
12120,31
27482,33
29307,74
24285,52
24164,86
21783,36
25809,23
17966,29
26389,24
22372,56
17595,67
10525,3
25198,4
24825,76
29924,4
28732,55
19559,78
20167,53
17831,23
16640,16
21529,67
14976,59
27410,53
23206,77
21958,34
19059,83
19598,50
13985,61
11315,68
29826,15
25338,60
21342,88
26796,97
14445,71
21805,14
19253,87
25992,98
17642,88
24508,60
26317,89
15002,27
22920,81
26446,97
28150,58
19529,78
21264,72
11345,89
21742,58
28091,16
22409,89
20817,6
27945,80
13002,62
28530,92
28213,81
20996,56
22958,20
12570,30
21478,78
22587,18
26026,45
27824,4
18989,94
26436,60
20699,33
14104,4
26591,31
21140,7
25147,86
29638,95
20798,11
26983,26
21102,37
25865,5
23344,68
14499,99
22553,97
26035,56
25648,7
18020,23
18811,85
11674,93
26825,61
17332,33
23506,40
10420,94
25427,42
24505,72
29173,55
27544,61
26362,83
28852,4
23437,80
14801,61
18676,82
10234,84
17127,93
27008,11
20509,37
20256,84
20146,23
24501,36
23963,53
26713,59
20596,48
12066,1
24814,15
16983,24
12761,88
27121,58
20088,48
29955,17
26010,55
24503,50
28074,94
23861,65
26229,4
10712,70
25525,76
23533,94
27534,30
23193,57
29262,8
26033,44
15521,57
20818,56
26696,77
11152,69
29195,18
26289,25
27163,10
15675,41
12015,57
28124,98
20046,27
25210,11
20542,36
26349,37
28536,23
19073,18
10104,83
15856,87
28019,48
24957,46
25674,83
14306,27
23317,92
24042,32
29503,6
28684,14
26912,37
28878,62
28548,48
23491,65
21714,60
17473,8
20006,88
29319,18
20239,85
29258,63
28000,36
18217,19
26498,41
27063,2
21110,27
15335,58
21139,96
15775,45
16510,70
28063,81
20610,23
29443,60
22761,19
10545,76
24684,77
13367,95
24133,10
22147,55
28292,79
18081,52
28015,64
16727,8
22284,72
20262,59
24435,63
17018,36
27288,6
24588,36
23324,93
21967,96
25476,88
17700,59
21063,34
20662,11
23034,69
26555,93
27157,53
22255,20
26567,61
27684,71
11857,36
23618,1
21454,86
13161,29
21164,86
20390,6
29882,73
27985,34
24333,5
21949,65
22131,57
29749,40
13494,83
23830,83
20805,28
19700,94
27846,37
15994,43
20229,91
27038,99
28126,53
24709,25
22778,75
28514,36
20977,39
28822,5
20938,21
26533,64
23918,84
20615,20
29649,9
21721,86
11842,65
17527,97
11339,47
26471,43
25756,55
10608,34
21786,37
29282,78
11065,15
18998,54
23624,76
21980,22
26273,98
23853,60
28059,63
20244,5
27402,81
23529,5
23236,16
27997,32
20398,93
12299,93
24759,6
21424,4
23666,53
24923,67
14604,92
23481,2
19229,48
22107,16
16285,25
29727,36
14697,17
20330,47
24074,41
26843,5
21811,14
20464,93
12549,2
26054,3
26438,56
22445,48
25083,34
21108,27
27437,39
22164,60
20511,27
12568,2
23458,17
26353,52
27093,42
23805,74
25913,41
24082,62
27890,25
11606,33
26520,75
19105,36
20972,31
23996,35
21598,60
24198,59
23150,97
28885,26
15952,91
27716,13
21407,19
23931,74
21828,19
25000,11
22574,51
20757,7
22205,96
18440,64
25906,33
22781,46
28215,51
15485,40
17997,81
23913,91
20598,8
16586,7
10807,52
23170,5
25423,11
15921,68
23021,24
13876,32
24517,1
20925,36
23758,21
10452,26
24223,42
27251,45
27509,89
14411,19
21188,22
22649,23
19133,81
18500,26
26732,35
16379,10
22407,24
26516,38
22798,66
29109,29
12886,80
28104,86
16984,85
22055,34
23446,70
14716,74
20849,73
25960,37
29873,72
20378,37
28688,39
17229,4
24589,50
10405,98
20882,83
23093,53
28166,45
13934,28
15997,16
29328,11
20653,79
21466,37
26238,37
25295,66
22845,39
25242,3
10067,1
29562,13
23722,77
25911,92
27048,25
26451,26
21375,37
25010,81
27713,32
18353,60
10774,67
12461,3
28445,57
19469,49
29469,86
11617,28
26884,76
27365,49
20321,12
23592,76
28317,18
19820,72
23073,20
29550,42
14380,50
20842,63
27390,92
23144,9
28469,18
14777,71
12907,39
23476,67
21250,2
28384,77
24409,36
12828,27
19857,60
27435,58
22144,11
25397,24
26859,37
24703,81
16757,90
19827,71
28599,81
27115,44
13249,81
28900,65
10517,78
18454,5
25356,33
13657,1
21734,86
25516,15
22293,49
24394,65
29507,18
17008,90
23910,65
27246,50
26900,66
23305,70
21100,82
13464,37
23522,58
27386,27
11214,16
25808,36
29142,78
12131,12
12789,21
26717,24
26332,57
16745,56
12822,62
27180,33
24148,20
27027,34
21196,45
27967,21
25626,12
27184,19
16977,70
27587,69
29431,71
21855,46
26559,43
24911,44
28884,19
15312,89
23956,27
29830,25
17692,19
13287,54
27955,61
23774,64
21461,85
21336,92
11740,27
25969,25
26735,46
24434,67
23498,45
24650,58
20033,83
29394,64
22708,34
21748,39
27138,14
25088,90
13791,23
21345,55
15152,22
27316,7
27647,54
29479,50
16307,77
28093,25
13485,93
25557,80
27375,99
21984,93
20534,58
11644,22
29442,51
14036,78
29070,28
27853,71
22110,96
26692,83
28974,18
28438,24
26704,8
27558,37
29704,3
20527,33
22355,91
25296,63
25926,78
24813,49
23514,50
23502,92
14019,3
24721,11
20270,53
18478,27
26934,56
28850,50
25148,7
15693,5
29187,76
16869,47
15552,93
21061,45
14234,99
25040,16
27156,94
29356,84
23452,4
28863,76
23417,56
28313,95
25041,74
16520,57
27638,84
17560,51
24319,88
17323,4
19720,99
21568,98
23907,6
13371,96
13295,28
10658,43
23261,89
21678,22
26927,91
22332,20
28133,33
20440,47
23655,29
23406,50
26128,40
22901,79
23410,51
22460,22
25220,23
27101,43
14959,44
28706,92
29403,51
18869,27
24614,55
26629,75
20591,9
24610,85
15047,99
24452,54
18374,56
25187,93
23772,41
10467,83
11834,31
26502,15
14694,22
14398,51
28550,37
24343,84
18772,63
26811,54
14236,8
25757,24
27555,30
16744,23
22902,57
28169,47
26908,60
25738,94
21832,32
20129,59
24312,18
17633,49
25688,42
29969,31
20188,53
21692,12
20799,13
12598,94
21437,30
15527,35
24373,17
21216,73
28109,44
21098,66
29972,77
14268,92
22993,53
15966,49
26454,36
21579,53
26100,57
22120,19
25241,9
12915,62
10752,79
27685,88
26719,28
11108,53
11554,38
27909,14
18401,21
20605,33
28411,18
21449,53
21876,73
12275,68
21026,53
20376,62
26935,80
29062,9
20873,28
21440,76
26014,91
23000,71
28831,32
16295,54
21976,95
23646,18
28594,56
11332,69
25257,78
16881,65
20063,61
10874,50
24369,4
24197,62
20015,48
27996,79
26027,15
19986,8
26433,96
24913,84
14708,74
27805,6
27011,24
23581,92
13335,78
28920,23
11227,59
28532,45
26695,30
23822,80
29320,66
20633,21
25464,93
27795,64
25714,31
18099,75
21627,71
27526,91
21439,56
10369,38
27467,61
28419,13
24171,24
22113,40
20894,64
26319,98
27162,21
28348,91
26268,74
27398,75
20515,58
24193,12
28972,5
29990,7
22838,57
20560,52
27116,11
22098,54
27747,32
15793,29
23224,79
21894,76
18466,3
23154,82
21269,16
24657,37
21257,6
22225,82
14954,31
21641,23
24584,2
14833,32
22433,56
24820,15
21148,45
28119,26
26139,3
25111,21
17078,6
27651,72
21389,32
24984,9
28824,6
18762,65
23977,98
21877,48
23594,41
24779,12
23382,13
21519,21
26449,36
14804,70
25603,85
19729,23
28305,66
21125,8
20396,93
20911,87
23936,1
12372,48
21718,62
24064,32
19706,17
22465,20
25269,26
10559,61
24541,46
19413,85
13275,71
24540,63
21094,47
18271,13
29616,65
25246,17
14311,9
15531,9
23280,83
15714,12
26354,75
11560,19
21225,96
19579,86
23518,83
20119,47
19380,40
19260,82
22325,5
22970,60
22843,84
27338,25
28343,66
19359,67
23257,33
21251,72
21846,2
25616,23
11301,35
27476,25
21917,46
16936,21
23754,54
25682,90
12676,24
20247,31
11935,59
29080,63
19902,48
18174,11
28306,59
29091,20
29354,35
14963,32
28231,41
28907,88
28094,7
26563,65
25479,68
22083,38
26870,55
24902,58
29293,33
23092,5
28969,6
14393,8
12176,2
12174,8
21999,14
27662,65
27128,48
29416,17
29571,82
18797,19
28608,74
24641,92
21392,64
28611,18
23924,78
24726,43
21262,90
26177,40
23925,13
26939,27
20426,71
23460,41
25957,36
13412,55
22819,14
25028,13
24850,49
22503,73
22212,57
25271,49
22611,2
26992,52
25519,11
21816,55
25190,20
21512,22
27142,14
22645,34
14352,60
26521,48
13996,50
27145,64
16279,51
24457,66
22874,8
12083,9
10068,39
28444,29
27857,9
29435,73
13382,16
17366,24
15421,20
29617,43
25231,19
16995,79
12541,83
16030,1
20367,4
22257,65
26625,52
20948,94
25796,25
29762,21
24364,12
22286,95
27866,16
24956,56
27746,41
17462,69
21915,45
27177,71
27641,3
24189,66
25608,23
29951,83
24506,14
24785,79
17410,19
28217,35
23118,75
24288,67
22586,65
21248,86
20626,28
15130,76
13465,58
20299,48
25279,86
15265,32
21080,3
23077,24
10489,61
24262,92
21728,82
22174,95
11830,83
15863,58
29700,88
24652,20
11412,71
20524,26
26285,14
27878,40
27906,56
21163,20
24986,77
29344,51
12281,53
23601,58
23892,59
21143,80
20969,88
10625,24
10844,79
14866,27
26518,40
15211,8
21007,68
24729,80
28432,29
27934,29
22858,62
12324,7
28374,54
18382,81
24511,57
24758,72
22015,40
27391,12
16840,89
23675,11
19618,40
26523,89
22052,60
22241,31
24467,32
26830,80
21078,7
23548,81
22861,87
24292,86
29946,40
27455,11
25921,94
22114,22
26513,74
27447,22
25421,85
21660,65
18368,31
27054,81
26837,69
23102,80
28194,86
28397,26
25528,62
23427,24
25825,71
29032,97
29238,4
23968,26
13646,25
25859,26
21314,26
29407,66
27664,83
21112,43
16300,92
28735,31
22952,69
19901,12
29620,30
27319,20
21536,75
20355,61
20194,42
26655,85
28853,31
22846,41
21918,97
21261,79
22971,39
16626,40
28567,87
29122,13
28549,11
25852,36
27295,61
29671,3
22002,16
21521,15
27694,72
27260,72
20380,63
16670,94
26276,41
29902,56
12209,55
11443,15
27475,83
12544,32
20254,18
22011,76
10406,53
25082,20
29297,27
13386,83
20409,26
10049,5
22610,75
16022,32
25900,1
23272,12
25658,81
14252,81
28387,87
22558,5
14440,32
18835,5
22290,54
29365,39
27334,16
17071,15
29686,75
14404,76
15959,99
29432,31
22359,20
19386,16
21586,39
17221,70
15857,98
27681,32
12914,17
11275,81
28125,49
14052,27
12709,51
29724,65
20359,14
16112,2
24346,76
24525,66
17796,96
23667,41
23190,47
25931,65
25755,77
14503,31
29986,39
20750,35
11963,1
10156,22
20551,68
20512,65
26324,56
14408,18
26192,41
17086,36
15924,67
27335,31
29075,77
29404,72
21869,99
29722,98
26193,98
19482,39
21156,61
19530,31
21649,4
11635,83
20599,31
22031,65
27827,20
22824,83
29943,75
23500,69
21093,87
27382,46
28923,39
29260,30
11089,20
26711,15
28286,67
14920,83
28841,99
13757,57
28357,48
26856,55
28584,57
13932,52
23049,72
14238,99
10266,98
27962,54
14463,6
27308,35
24869,70
22642,12
28897,27
19094,78
24289,91
27405,81
14049,36
28459,13
26926,44
26155,26
26499,31
26615,99
22008,63
24475,56
17102,25
11807,78
29848,48
22739,79
20520,29
26641,88
22536,46
20533,87
27452,86
21344,11
21215,14
24520,73
28849,41
25705,13
26311,4
22040,57
20811,93
29692,79
19179,66
11286,93
24952,75
28640,39
22575,21
17492,75
26318,47
21299,37
22659,71
25895,91
29701,9
23738,72
24268,27
26456,89
25420,59
23269,10
27609,84
27244,45
25223,53
28051,78
20010,59
20672,5
19506,70
22616,68
28892,13
16365,50
24798,82
21396,87
21895,26
16759,84
14011,60
20751,54
29656,10
24126,72
20997,19
18292,89
21570,11
28201,59
28346,11
26923,10
18240,86
23812,94
27674,71
20106,44
10710,96
24477,37
16122,67
22990,7
27267,24
22545,17
26984,64
22352,76
17548,99
23240,6
23065,35
19430,58
21888,73
14639,1
25191,90
29650,27
16789,27
29022,68
25283,4
21779,69
27057,20
26467,50
24565,5
22794,69
27523,4
17792,84
22591,60
23340,64
13012,53
14566,69
18167,4
24852,68
23915,26
20836,84
26527,58
27640,9
25962,16
22608,97
22563,56
21399,23
20682,99
13525,76
18507,82
12446,62
23841,71
13672,28
28196,52
22951,28
20919,57
20169,66
15750,2
29681,14
17979,46
21308,25
26160,79
25880,49
27948,25
26427,65
22797,6
22202,2
20110,64
29044,28
28792,35
25834,97
20924,41
23434,69
21137,39
21483,94
28855,78
25354,43
20808,51
21430,73
22026,24
23352,56
17083,99
28614,97
20737,43
21204,10
18671,96
22534,86
24119,17
20663,43
11861,77
28795,23
27826,17
24480,1
19020,86
12967,59
12220,58
19499,84
25180,3
12426,44
20656,73
26970,95
11536,25
20608,99
24844,65
29284,42
17122,66
24179,69
15235,89
10351,54
21276,27
26576,66
26083,65
11142,11
17494,87
14181,12
13606,81
18388,8
18104,98
23295,14
17683,44
26953,50
23242,98
20592,8
28585,88
16638,58
27018,81
11476,52
22483,71
27922,67
27425,42
28554,48
27998,41
18973,75
18863,29
27649,44
23820,54
24939,10
24407,2
19100,52
25861,49
23706,50
23557,47
25594,58
28443,82
17288,92
20049,95
22560,44
21042,91
10978,45
18427,30
25737,26
19687,94
23638,23
12090,99
22698,9
11091,40
21753,64
21325,76
25892,19
29472,78
27084,9
29239,82
13469,68
20329,27
16817,11
27652,36
22298,17
23717,76
24549,82
21799,65
10810,51
28216,63
25218,2
26493,98
12660,12
25720,27
17590,70
18694,83
19944,59
11862,97
26465,53
29455,32
28949,82
25282,66
28926,75
20885,30
23625,14
25569,90
18720,31
18232,97
12351,9
22816,62
29158,37
21970,33
26185,54
27023,64
29896,55
29659,66
24382,81
26572,7
23335,47
21386,22
29395,56
25630,54
18570,1
24596,64
22054,78
13782,26
22918,35
21035,50
26963,68
27576,9
29350,8
28814,46
28075,77
16026,86
28779,20
21187,24
20983,4
17646,28
26847,75
23684,34
23012,41
22674,90
25053,41
23866,81
12840,20
26217,87
22111,84
13005,74
22880,95
13831,69
21484,46
23454,87
28440,52
15464,88
28598,44
26564,48
13219,89
24131,69
27380,10
29987,94
29224,1
26519,51
15503,13
29735,39
23003,80
21769,84
28780,15
22012,49
11526,79
15114,74
25976,89
29023,18
20504,91
22827,3
20795,2
12674,52
14822,33
24846,46
22218,57
23442,39
10217,3
29657,60
24787,11
25963,89
23008,6
26617,90
26260,89
19199,12
10628,28
23614,22
15676,38
28552,89
19447,81
26511,38
25260,59
21350,74
10897,50
14654,73
17821,90
22187,32
23465,34
16179,40
10697,58
22509,91
25920,19
21508,77
20478,79
22239,40
21630,50
21400,68
19578,45
28682,21
27580,64
21126,44
26684,20
27731,10
28751,73
27203,18
26394,64
22431,85
15203,47
10207,23
19983,70
17082,38
27232,74
24307,91
24828,33
25142,82
29327,97
19075,73
27772,22
28122,51
25163,77
16084,8
27427,18
29120,78
17219,80
12207,86
18933,53
29052,14
29670,41
18944,88
27924,83
28859,60
19716,26
27730,91
11501,17
25661,81
18837,11
29685,99
27989,88
13644,45
25280,81
10317,50
11783,51
25381,12
29757,71
14254,50
20631,17
22546,15
24472,17
18429,17
18032,56
20020,13
27658,59
20314,77
25671,19
24484,8
20284,22
27488,84
27660,42
12770,94
24681,35
25115,30
21953,34
26794,70
27164,28
29641,46
28545,14
18212,74
24946,29
25108,7
27147,44
24782,93
17766,3
15060,33
28351,12
16442,79
27739,89
15468,13
13583,74
26084,7
18632,60
16613,62
11111,39
23616,86
15841,75
28579,90
28662,93
28054,94
17972,3
