Vs, Ms, A, B, C, D, E, F, G, H, I, O, P, K, L, D1, E2
101, 88, 0, 0, 0, 0, 0, 0, 0, 0, 0, 0, 0, 0, 0, 0, 0
6294, 765, 990, 7286, 8082, 1360, 7662, 452, 594, 6640, 2648, 916, 6241, 5735, 5390, 8836, 8
6294, 765, 990, 7286, 8082, 1360, 7662, 452, 594, 6640, 2648, 916, 6241, 5735, 5390, 8836, 8
6294, 765, 990, 7286, 8082, 1360, 7662, 452, 594, 6640, 2648, 916, 6241, 5735, 5390, 8836, 8
6294, 765, 990, 7286, 8082, 1360, 7662, 452, 594, 6640, 2648, 916, 6241, 5735, 5390, 8836, 8
6294, 765, 990, 7286, 8082, 1360, 7662, 452, 594, 6640, 2648, 916, 6241, 5735, 5390, 8836, 8
6294, 765, 990, 7286, 8082, 1360, 7662, 452, 594, 6640, 2648, 916, 6241, 5735, 5390, 8836, 8
6294, 765, 990, 7286, 8082, 1360, 7662, 452, 594, 6640, 2648, 916, 6241, 5735, 5390, 8836, 8
6294, 765, 990, 7286, 8082, 1360, 7662, 452, 594, 6640, 2648, 916, 6241, 5735, 5390, 8836, 8
6294, 765, 990, 7286, 8082, 1360, 7662, 452, 594, 6640, 2648, 916, 6241, 5735, 5390, 8836, 8
6294, 765, 990, 7286, 8082, 1360, 7662, 452, 594, 6640, 2648, 916, 6241, 5735, 5390, 8836, 8
6294, 765, 990, 7286, 8082, 1360, 7662, 452, 594, 6640, 2648, 916, 6241, 5735, 5390, 8836, 8
6294, 765, 990, 7286, 8082, 1360, 7662, 452, 594, 6640, 2648, 916, 6241, 5735, 5390, 8836, 8
898, 1547, 4535, 5339, 376, 5839, 5351, 2542, 150, 3894, 2678, 3637, 7992, 5316, 7842, 7149, 6
898, 1547, 4535, 5339, 376, 5839, 5351, 2542, 150, 3894, 2678, 3637, 7992, 5316, 7842, 7149, 6
898, 1547, 4535, 5339, 376, 5839, 5351, 2542, 150, 3894, 2678, 3637, 7992, 5316, 7842, 7149, 6
898, 1547, 4535, 5339, 376, 5839, 5351, 2542, 150, 3894, 2678, 3637, 7992, 5316, 7842, 7149, 6
898, 1547, 4535, 5339, 376, 5839, 5351, 2542, 150, 3894, 2678, 3637, 7992, 5316, 7842, 7149, 6
898, 1547, 4535, 5339, 376, 5839, 5351, 2542, 150, 3894, 2678, 3637, 7992, 5316, 7842, 7149, 6
898, 1547, 4535, 5339, 376, 5839, 5351, 2542, 150, 3894, 2678, 3637, 7992, 5316, 7842, 7149, 6
898, 1547, 4535, 5339, 376, 5839, 5351, 2542, 150, 3894, 2678, 3637, 7992, 5316, 7842, 7149, 6
898, 1547, 4535, 5339, 376, 5839, 5351, 2542, 150, 3894, 2678, 3637, 7992, 5316, 7842, 7149, 6
898, 1547, 4535, 5339, 376, 5839, 5351, 2542, 150, 3894, 2678, 3637, 7992, 5316, 7842, 7149, 6
898, 1547, 4535, 5339, 376, 5839, 5351, 2542, 150, 3894, 2678, 3637, 7992, 5316, 7842, 7149, 6
6041, 2783, 8785, 5843, 506, 734, 7497, 1479, 2001, 6857, 70, 960, 4953, 1084, 4066, 5411, 3
6041, 2783, 8785, 5843, 506, 734, 7497, 1479, 2001, 6857, 70, 960, 4953, 1084, 4066, 5411, 3
6041, 2783, 8785, 5843, 506, 734, 7497, 1479, 2001, 6857, 70, 960, 4953, 1084, 4066, 5411, 3
6041, 2783, 8785, 5843, 506, 734, 7497, 1479, 2001, 6857, 70, 960, 4953, 1084, 4066, 5411, 3
6041, 2783, 8785, 5843, 506, 734, 7497, 1479, 2001, 6857, 70, 960, 4953, 1084, 4066, 5411, 3
6041, 2783, 8785, 5843, 506, 734, 7497, 1479, 2001, 6857, 70, 960, 4953, 1084, 4066, 5411, 3
6041, 2783, 8785, 5843, 506, 734, 7497, 1479, 2001, 6857, 70, 960, 4953, 1084, 4066, 5411, 3
6041, 2783, 8785, 5843, 506, 734, 7497, 1479, 2001, 6857, 70, 960, 4953, 1084, 4066, 5411, 3
6041, 2783, 8785, 5843, 506, 734, 7497, 1479, 2001, 6857, 70, 960, 4953, 1084, 4066, 5411, 3
16, 2783, 8785, 5843, 506, 734, 7497, 1479, 2001, 6857, 70, 960, 4953, 1084, 4066, 5411, 3
6041, 2783, 8785, 5843, 506, 734, 7497, 1479, 2001, 6857, 70, 960, 4953, 1084, 4066, 5411, 3
6041, 2783, 8785, 5843, 506, 734, 7497, 1479, 2001, 6857, 70, 960, 4953, 1084, 4066, 5411, 3
16, 2783, 8785, 5843, 506, 734, 7497, 1479, 2001, 6857, 70, 960, 4953, 1084, 4066, 5411, 3
6041, 2783, 8785, 5843, 506, 734, 7497, 1479, 2001, 6857, 70, 960, 4953, 1084, 4066, 5411, 3
6041, 2783, 8785, 5843, 506, 734, 7497, 1479, 2001, 6857, 70, 960, 4953, 1084, 4066, 5411, 3
16, 2783, 8785, 5843, 506, 734, 7497, 1479, 2001, 6857, 70, 960, 4953, 1084, 4066, 5411, 3
6437, 3089, 958, 3864, 3764, 1153, 7028, 4384, 1089, 7627, 3498, 4900, 5054, 6196, 6108, 6032, 6
6437, 3089, 958, 3864, 3764, 1153, 7028, 4384, 1089, 7627, 3498, 4900, 5054, 6196, 6108, 6032, 6
6437, 3089, 958, 3864, 3764, 1153, 7028, 4384, 1089, 7627, 3498, 4900, 5054, 6196, 6108, 6032, 6
6437, 3089, 958, 3864, 3764, 1153, 7028, 4384, 1089, 7627, 3498, 4900, 5054, 6196, 6108, 6032, 6
6437, 3089, 958, 3864, 3764, 1153, 7028, 4384, 1089, 7627, 3498, 4900, 5054, 6196, 6108, 6032, 6
6437, 3089, 958, 3864, 3764, 1153, 7028, 4384, 1089, 7627, 3498, 4900, 5054, 6196, 6108, 6032, 6
6437, 3089, 958, 3864, 3764, 1153, 7028, 4384, 1089, 7627, 3498, 4900, 5054, 6196, 6108, 6032, 6
6437, 3089, 958, 3864, 3764, 1153, 7028, 4384, 1089, 7627, 3498, 4900, 5054, 6196, 6108, 6032, 6
6437, 3089, 958, 3864, 3764, 1153, 7028, 4384, 1089, 7627, 3498, 4900, 5054, 6196, 6108, 6032, 6
6437, 3089, 958, 3864, 3764, 1153, 7028, 4384, 1089, 7627, 3498, 4900, 5054, 6196, 6108, 6032, 6
6437, 3089, 958, 3864, 3764, 1153, 7028, 4384, 1089, 7627, 3498, 4900, 5054, 6196, 6108, 6032, 6
522, 4081, 695, 4765, 4235, 7354, 4240, 3254, 7290, 7195, 3931, 8736, 7605, 4745, 3858, 8114, 7
522, 4081, 695, 4765, 4235, 7354, 4240, 3254, 7290, 7195, 3931, 8736, 7605, 4745, 3858, 8114, 7
522, 4081, 695, 4765, 4235, 7354, 4240, 3254, 7290, 7195, 3931, 8736, 7605, 4745, 3858, 8114, 7
522, 4081, 695, 4765, 4235, 7354, 4240, 3254, 7290, 7195, 3931, 8736, 7605, 4745, 3858, 8114, 7
522, 4081, 695, 4765, 4235, 7354, 4240, 3254, 7290, 7195, 3931, 8736, 7605, 4745, 3858, 8114, 7
522, 4081, 695, 4765, 4235, 7354, 4240, 3254, 7290, 7195, 3931, 8736, 7605, 4745, 3858, 8114, 7
522, 4081, 695, 4765, 4235, 7354, 4240, 3254, 7290, 7195, 3931, 8736, 7605, 4745, 3858, 8114, 7
522, 4081, 695, 4765, 4235, 7354, 4240, 3254, 7290, 7195, 3931, 8736, 7605, 4745, 3858, 8114, 7
522, 4081, 695, 4765, 4235, 7354, 4240, 3254, 7290, 7195, 3931, 8736, 7605, 4745, 3858, 8114, 7
522, 4081, 695, 4765, 4235, 7354, 4240, 3254, 7290, 7195, 3931, 8736, 7605, 4745, 3858, 8114, 7
522, 4081, 695, 4765, 4235, 7354, 4240, 3254, 7290, 7195, 3931, 8736, 7605, 4745, 3858, 8114, 7
522, 4081, 695, 4765, 4235, 7354, 4240, 3254, 7290, 7195, 3931, 8736, 7605, 4745, 3858, 8114, 7
3835, 4972, 3337, 1837, 5403, 1107, 4912, 5755, 3933, 5962, 444, 2505, 236, 3426, 4685, 1562, 6
3835, 4972, 3337, 1837, 5403, 1107, 4912, 5755, 3933, 5962, 444, 2505, 236, 3426, 4685, 1562, 6
3835, 4972, 3337, 1837, 5403, 1107, 4912, 5755, 3933, 5962, 444, 2505, 236, 3426, 4685, 1562, 6
3835, 4972, 3337, 1837, 5403, 1107, 4912, 5755, 3933, 5962, 444, 2505, 236, 3426, 4685, 1562, 6
3835, 4972, 3337, 1837, 5403, 1107, 4912, 5755, 3933, 5962, 444, 2505, 236, 3426, 4685, 1562, 6
3835, 4972, 3337, 1837, 5403, 1107, 4912, 5755, 3933, 5962, 444, 2505, 236, 3426, 4685, 1562, 6
3835, 4972, 3337, 1837, 5403, 1107, 4912, 5755, 3933, 5962, 444, 2505, 236, 3426, 4685, 1562, 6
3835, 4972, 3337, 1837, 5403, 1107, 4912, 5755, 3933, 5962, 444, 2505, 236, 3426, 4685, 1562, 6
3835, 4972, 3337, 1837, 5403, 1107, 4912, 5755, 3933, 5962, 444, 2505, 236, 3426, 4685, 1562, 6
3835, 4972, 3337, 1837, 5403, 1107, 4912, 5755, 3933, 5962, 444, 2505, 236, 3426, 4685, 1562, 6
3835, 4972, 3337, 1837, 5403, 1107, 4912, 5755, 3933, 5962, 444, 2505, 236, 3426, 4685, 1562, 6
3835, 4972, 3337, 1837, 5403, 1107, 4912, 5755, 3933, 5962, 444, 2505, 236, 3426, 4685, 1562, 6
6, 5009, 6934, 6248, 7403, 5012, 2724, 5896, 5504, 4935, 7691, 3705, 3500, 7272, 21, 3957, 2
6357, 5009, 6934, 6248, 7403, 5012, 2724, 5896, 5504, 4935, 7691, 3705, 3500, 7272, 21, 3957, 2
6357, 5009, 6934, 6248, 7403, 5012, 2724, 5896, 5504, 4935, 7691, 3705, 3500, 7272, 21, 3957, 2
6357, 5009, 6934, 6248, 7403, 5012, 2724, 5896, 5504, 4935, 7691, 3705, 3500, 7272, 21, 3957, 2
6, 5009, 6934, 6248, 7403, 5012, 2724, 5896, 5504, 4935, 7691, 3705, 3500, 7272, 21, 3957, 2
6357, 5009, 6934, 6248, 7403, 5012, 2724, 5896, 5504, 4935, 7691, 3705, 3500, 7272, 21, 3957, 2
6357, 5009, 6934, 6248, 7403, 5012, 2724, 5896, 5504, 4935, 7691, 3705, 3500, 7272, 21, 3957, 2
6357, 5009, 6934, 6248, 7403, 5012, 2724, 5896, 5504, 4935, 7691, 3705, 3500, 7272, 21, 3957, 2
6357, 5009, 6934, 6248, 7403, 5012, 2724, 5896, 5504, 4935, 7691, 3705, 3500, 7272, 21, 3957, 2
6357, 5009, 6934, 6248, 7403, 5012, 2724, 5896, 5504, 4935, 7691, 3705, 3500, 7272, 21, 3957, 2
6, 5009, 6934, 6248, 7403, 5012, 2724, 5896, 5504, 4935, 7691, 3705, 3500, 7272, 21, 3957, 2
6357, 5009, 6934, 6248, 7403, 5012, 2724, 5896, 5504, 4935, 7691, 3705, 3500, 7272, 21, 3957, 2
6357, 5009, 6934, 6248, 7403, 5012, 2724, 5896, 5504, 4935, 7691, 3705, 3500, 7272, 21, 3957, 2
6357, 5009, 6934, 6248, 7403, 5012, 2724, 5896, 5504, 4935, 7691, 3705, 3500, 7272, 21, 3957, 2
6357, 5009, 6934, 6248, 7403, 5012, 2724, 5896, 5504, 4935, 7691, 3705, 3500, 7272, 21, 3957, 2
6357, 5009, 6934, 6248, 7403, 5012, 2724, 5896, 5504, 4935, 7691, 3705, 3500, 7272, 21, 3957, 2
7598, 5734, 1099, 854, 2900, 487, 5685, 7793, 8921, 2891, 5901, 4774, 991, 8117, 6190, 4744, 2
7598, 5734, 1099, 854, 2900, 487, 5685, 7793, 8921, 2891, 5901, 4774, 991, 8117, 6190, 4744, 2
7598, 5734, 1099, 854, 2900, 487, 5685, 7793, 8921, 2891, 5901, 4774, 991, 8117, 6190, 4744, 2
7598, 5734, 1099, 854, 2900, 487, 5685, 7793, 8921, 2891, 5901, 4774, 991, 8117, 6190, 4744, 2
7598, 5734, 1099, 854, 2900, 487, 5685, 7793, 8921, 2891, 5901, 4774, 991, 8117, 6190, 4744, 2
7598, 5734, 1099, 854, 2900, 487, 5685, 7793, 8921, 2891, 5901, 4774, 991, 8117, 6190, 4744, 2
7598, 5734, 1099, 854, 2900, 487, 5685, 7793, 8921, 2891, 5901, 4774, 991, 8117, 6190, 4744, 2
7598, 5734, 1099, 854, 2900, 487, 5685, 7793, 8921, 2891, 5901, 4774, 991, 8117, 6190, 4744, 2
7598, 5734, 1099, 854, 2900, 487, 5685, 7793, 8921, 2891, 5901, 4774, 991, 8117, 6190, 4744, 2
7598, 5734, 1099, 854, 2900, 487, 5685, 7793, 8921, 2891, 5901, 4774, 991, 8117, 6190, 4744, 2
7598, 5734, 1099, 854, 2900, 487, 5685, 7793, 8921, 2891, 5901, 4774, 991, 8117, 6190, 4744, 2
7598, 5734, 1099, 854, 2900, 487, 5685, 7793, 8921, 2891, 5901, 4774, 991, 8117, 6190, 4744, 2
4371, 5860, 3520, 586, 344, 3909, 715, 7216, 4991, 6450, 4004, 8100, 7451, 607, 4594, 6714, 8
4371, 5860, 3520, 586, 344, 3909, 715, 7216, 4991, 6450, 4004, 8100, 7451, 607, 4594, 6714, 8
4371, 5860, 3520, 586, 344, 3909, 715, 7216, 4991, 6450, 4004, 8100, 7451, 607, 4594, 6714, 8
4371, 5860, 3520, 586, 344, 3909, 715, 7216, 4991, 6450, 4004, 8100, 7451, 607, 4594, 6714, 8
4371, 5860, 3520, 586, 344, 3909, 715, 7216, 4991, 6450, 4004, 8100, 7451, 607, 4594, 6714, 8
4371, 5860, 3520, 586, 344, 3909, 715, 7216, 4991, 6450, 4004, 8100, 7451, 607, 4594, 6714, 8
4371, 5860, 3520, 586, 344, 3909, 715, 7216, 4991, 6450, 4004, 8100, 7451, 607, 4594, 6714, 8
4371, 5860, 3520, 586, 344, 3909, 715, 7216, 4991, 6450, 4004, 8100, 7451, 607, 4594, 6714, 8
4371, 5860, 3520, 586, 344, 3909, 715, 7216, 4991, 6450, 4004, 8100, 7451, 607, 4594, 6714, 8
4371, 5860, 3520, 586, 344, 3909, 715, 7216, 4991, 6450, 4004, 8100, 7451, 607, 4594, 6714, 8
4371, 5860, 3520, 586, 344, 3909, 715, 7216, 4991, 6450, 4004, 8100, 7451, 607, 4594, 6714, 8
4371, 5860, 3520, 586, 344, 3909, 715, 7216, 4991, 6450, 4004, 8100, 7451, 607, 4594, 6714, 8
4958, 6366, 4527, 154, 8992, 2464, 4703, 1892, 4799, 1219, 7722, 3398, 3232, 6115, 659, 611, 7
4958, 6366, 4527, 154, 8992, 2464, 4703, 1892, 4799, 1219, 7722, 3398, 3232, 6115, 659, 611, 7
4958, 6366, 4527, 154, 8992, 2464, 4703, 1892, 4799, 1219, 7722, 3398, 3232, 6115, 659, 611, 7
4958, 6366, 4527, 154, 8992, 2464, 4703, 1892, 4799, 1219, 7722, 3398, 3232, 6115, 659, 611, 7
4958, 6366, 4527, 154, 8992, 2464, 4703, 1892, 4799, 1219, 7722, 3398, 3232, 6115, 659, 611, 7
4958, 6366, 4527, 154, 8992, 2464, 4703, 1892, 4799, 1219, 7722, 3398, 3232, 6115, 659, 611, 7
4958, 6366, 4527, 154, 8992, 2464, 4703, 1892, 4799, 1219, 7722, 3398, 3232, 6115, 659, 611, 7
4958, 6366, 4527, 154, 8992, 2464, 4703, 1892, 4799, 1219, 7722, 3398, 3232, 6115, 659, 611, 7
4958, 6366, 4527, 154, 8992, 2464, 4703, 1892, 4799, 1219, 7722, 3398, 3232, 6115, 659, 611, 7
4958, 6366, 4527, 154, 8992, 2464, 4703, 1892, 4799, 1219, 7722, 3398, 3232, 6115, 659, 611, 7
4958, 6366, 4527, 154, 8992, 2464, 4703, 1892, 4799, 1219, 7722, 3398, 3232, 6115, 659, 611, 7
4958, 6366, 4527, 154, 8992, 2464, 4703, 1892, 4799, 1219, 7722, 3398, 3232, 6115, 659, 611, 7
2904, 6784, 5345, 786, 4102, 457, 4612, 2290, 3765, 5587, 2754, 2519, 5989, 3721, 6712, 7305, 4
2904, 6784, 5345, 786, 4102, 457, 4612, 2290, 3765, 5587, 2754, 2519, 5989, 3721, 6712, 7305, 4
2904, 6784, 5345, 786, 4102, 457, 4612, 2290, 3765, 5587, 2754, 2519, 5989, 3721, 6712, 7305, 4
2904, 6784, 5345, 786, 4102, 457, 4612, 2290, 3765, 5587, 2754, 2519, 5989, 3721, 6712, 7305, 4
2904, 6784, 5345, 786, 4102, 457, 4612, 2290, 3765, 5587, 2754, 2519, 5989, 3721, 6712, 7305, 4
2904, 6784, 5345, 786, 4102, 457, 4612, 2290, 3765, 5587, 2754, 2519, 5989, 3721, 6712, 7305, 4
2904, 6784, 5345, 786, 4102, 457, 4612, 2290, 3765, 5587, 2754, 2519, 5989, 3721, 6712, 7305, 4
2904, 6784, 5345, 786, 4102, 457, 4612, 2290, 3765, 5587, 2754, 2519, 5989, 3721, 6712, 7305, 4
2904, 6784, 5345, 786, 4102, 457, 4612, 2290, 3765, 5587, 2754, 2519, 5989, 3721, 6712, 7305, 4
2904, 6784, 5345, 786, 4102, 457, 4612, 2290, 3765, 5587, 2754, 2519, 5989, 3721, 6712, 7305, 4
2904, 6784, 5345, 786, 4102, 457, 4612, 2290, 3765, 5587, 2754, 2519, 5989, 3721, 6712, 7305, 4
2904, 6784, 5345, 786, 4102, 457, 4612, 2290, 3765, 5587, 2754, 2519, 5989, 3721, 6712, 7305, 4
8744, 7008, 7977, 7754, 7979, 2675, 1846, 3504, 2701, 5466, 6642, 6159, 1779, 1762, 7499, 748, 1000
8744, 7008, 7977, 7754, 7979, 2675, 1846, 3504, 2701, 5466, 6642, 6159, 1779, 1762, 7499, 748, 6
8744, 7008, 7977, 7754, 7979, 2675, 1846, 3504, 2701, 5466, 6642, 6159, 1779, 1762, 7499, 748, 6
8744, 7008, 7977, 7754, 7979, 2675, 1846, 3504, 2701, 5466, 6642, 6159, 1779, 1762, 7499, 748, 6
8744, 7008, 7977, 7754, 7979, 2675, 1846, 3504, 2701, 5466, 6642, 6159, 1779, 1762, 7499, 748, 6
8744, 7008, 7977, 7754, 7979, 2675, 1846, 3504, 2701, 5466, 6642, 6159, 1779, 1762, 7499, 748, 6
8744, 7008, 7977, 7754, 7979, 2675, 1846, 3504, 2701, 5466, 6642, 6159, 1779, 1762, 7499, 748, 6
8744, 7008, 7977, 7754, 7979, 2675, 1846, 3504, 2701, 5466, 6642, 6159, 1779, 1762, 7499, 748, 6
8744, 7008, 7977, 7754, 7979, 2675, 1846, 3504, 2701, 5466, 6642, 6159, 1779, 1762, 7499, 748, 6
8744, 7008, 7977, 7754, 7979, 2675, 1846, 3504, 2701, 5466, 6642, 6159, 1779, 1762, 7499, 748, 6
8744, 7008, 7977, 7754, 7979, 2675, 1846, 3504, 2701, 5466, 6642, 6159, 1779, 1762, 7499, 748, 6
8744, 7008, 7977, 7754, 7979, 2675, 1846, 3504, 2701, 5466, 6642, 6159, 1779, 1762, 7499, 748, 6
6613, 7317, 8401, 0, 1288, 5199, 3936, 508, 7086, 4328, 8037, 5193, 2454, 2665, 1570, 5941, 4
6613, 7317, 8401, 0, 1288, 5199, 3936, 508, 7086, 4328, 8037, 5193, 2454, 2665, 1570, 5941, 4
6613, 7317, 8401, 0, 1288, 5199, 3936, 508, 7086, 4328, 8037, 5193, 2454, 2665, 1570, 5941, 4
6613, 7317, 8401, 0, 1288, 5199, 3936, 508, 7086, 4328, 8037, 5193, 2454, 2665, 1570, 5941, 4
6613, 7317, 8401, 0, 1288, 5199, 3936, 508, 7086, 4328, 8037, 5193, 2454, 2665, 1570, 5941, 4
6613, 7317, 8401, 0, 1288, 5199, 3936, 508, 7086, 4328, 8037, 5193, 2454, 2665, 1570, 5941, 4
6613, 7317, 8401, 0, 1288, 5199, 3936, 508, 7086, 4328, 8037, 5193, 2454, 2665, 1570, 5941, 4
6613, 7317, 8401, 0, 1288, 5199, 3936, 508, 7086, 4328, 8037, 5193, 2454, 2665, 1570, 5941, 4
6613, 7317, 8401, 0, 1288, 5199, 3936, 508, 7086, 4328, 8037, 5193, 2454, 2665, 1570, 5941, 4
6613, 7317, 8401, 0, 1288, 5199, 3936, 508, 7086, 4328, 8037, 5193, 2454, 2665, 1570, 5941, 4
6613, 7317, 8401, 0, 1288, 5199, 3936, 508, 7086, 4328, 8037, 5193, 2454, 2665, 1570, 5941, 4
6613, 7317, 8401, 0, 1288, 5199, 3936, 508, 7086, 4328, 8037, 5193, 2454, 2665, 1570, 5941, 4
6613, 7317, 8401, 0, 1288, 5199, 3936, 508, 7086, 4328, 8037, 5193, 2454, 2665, 1570, 5941, 4
6613, 7317, 8401, 0, 1288, 5199, 3936, 508, 7086, 4328, 8037, 5193, 2454, 2665, 1570, 5941, 4
6613, 7317, 8401, 0, 1288, 5199, 3936, 508, 7086, 4328, 8037, 5193, 2454, 2665, 1570, 5941, 4
6613, 7317, 8401, 0, 1288, 5199, 3936, 508, 7086, 4328, 8037, 5193, 2454, 2665, 1570, 5941, 4
6613, 7317, 8401, 0, 1288, 5199, 3936, 508, 7086, 4328, 8037, 5193, 2454, 2665, 1570, 5941, 4
6613, 7317, 8401, 0, 1288, 5199, 3936, 508, 7086, 4328, 8037, 5193, 2454, 2665, 1570, 5941, 4
6613, 7317, 8401, 0, 1288, 5199, 3936, 508, 7086, 4328, 8037, 5193, 2454, 2665, 1570, 5941, 4
6613, 7317, 8401, 0, 1288, 5199, 3936, 508, 7086, 4328, 8037, 5193, 2454, 2665, 1570, 5941, 4
6613, 7317, 8401, 0, 1288, 5199, 3936, 508, 7086, 4328, 8037, 5193, 2454, 2665, 1570, 5941, 4
6613, 7317, 8401, 0, 1288, 5199, 3936, 508, 7086, 4328, 8037, 5193, 2454, 2665, 1570, 5941, 4
2791, 7851, 2666, 4939, 7175, 7846, 3345, 6755, 8208, 4747, 4190, 1169, 5344, 3565, 3912, 4658, 9
2791, 7851, 2666, 4939, 7175, 7846, 3345, 6755, 8208, 4747, 4190, 1169, 5344, 3565, 3912, 4658, 9
2791, 7851, 2666, 4939, 7175, 7846, 3345, 6755, 8208, 4747, 4190, 1169, 5344, 3565, 3912, 4658, 9
2791, 7851, 2666, 4939, 7175, 7846, 3345, 6755, 8208, 4747, 4190, 1169, 5344, 3565, 3912, 4658, 9
2791, 7851, 2666, 4939, 7175, 7846, 3345, 6755, 8208, 4747, 4190, 1169, 5344, 3565, 3912, 4658, 9
2791, 7851, 2666, 4939, 7175, 7846, 3345, 6755, 8208, 4747, 4190, 1169, 5344, 3565, 3912, 4658, 9
2791, 7851, 2666, 4939, 7175, 7846, 3345, 6755, 8208, 4747, 4190, 1169, 5344, 3565, 3912, 4658, 9
2791, 7851, 2666, 4939, 7175, 7846, 3345, 6755, 8208, 4747, 4190, 1169, 5344, 3565, 3912, 4658, 9
2791, 7851, 2666, 4939, 7175, 7846, 3345, 6755, 8208, 4747, 4190, 1169, 5344, 3565, 3912, 4658, 9
2791, 7851, 2666, 4939, 7175, 7846, 3345, 6755, 8208, 4747, 4190, 1169, 5344, 3565, 3912, 4658, 9
2791, 7851, 2666, 4939, 7175, 7846, 3345, 6755, 8208, 4747, 4190, 1169, 5344, 3565, 3912, 4658, 9
2791, 7851, 2666, 4939, 7175, 7846, 3345, 6755, 8208, 4747, 4190, 1169, 5344, 3565, 3912, 4658, 9
6793, 8310, 4592, 1697, 6997, 5977, 5938, 6678, 3772, 3125, 8040, 926, 8022, 1563, 1461, 8205, 5
6793, 8310, 4592, 1697, 6997, 5977, 5938, 6678, 3772, 3125, 8040, 926, 8022, 1563, 1461, 8205, 5
6793, 8310, 4592, 1697, 6997, 5977, 5938, 6678, 3772, 3125, 8040, 926, 8022, 1563, 1461, 8205, 5
6793, 8310, 4592, 1697, 6997, 5977, 5938, 6678, 3772, 3125, 8040, 926, 8022, 1563, 1461, 8205, 5
6793, 8310, 4592, 1697, 6997, 5977, 5938, 6678, 3772, 3125, 8040, 926, 8022, 1563, 1461, 8205, 5
6793, 8310, 4592, 1697, 6997, 5977, 5938, 6678, 3772, 3125, 8040, 926, 8022, 1563, 1461, 8205, 5
6793, 8310, 4592, 1697, 6997, 5977, 5938, 6678, 3772, 3125, 8040, 926, 8022, 1563, 1461, 8205, 5
6793, 8310, 4592, 1697, 6997, 5977, 5938, 6678, 3772, 3125, 8040, 926, 8022, 1563, 1461, 8205, 5
6793, 8310, 4592, 1697, 6997, 5977, 5938, 6678, 3772, 3125, 8040, 926, 8022, 1563, 1461, 8205, 5
6793, 8310, 4592, 1697, 6997, 5977, 5938, 6678, 3772, 3125, 8040, 926, 8022, 1563, 1461, 8205, 5
6793, 8310, 4592, 1697, 6997, 5977, 5938, 6678, 3772, 3125, 8040, 926, 8022, 1563, 1461, 8205, 5
6793, 8310, 4592, 1697, 6997, 5977, 5938, 6678, 3772, 3125, 8040, 926, 8022, 1563, 1461, 8205, 5
